Workbook

Sheet Sheet1
A1: Timestamp | B1: Title | C1: Difficulty | D1: Option#1 | E1: Option#2 | F1: Option#3 | G1: Comment
A2: EPOLIS_RAW | B2: A | C2: A | D2: FLIP | E2: MIRROR | F2: OFF | H2: EPOLIS_RAW
A3: EPOLIS_RAW | B3: AA | C3: A | D3: FLIP | E3: MIRROR | F3: OFF | H3: EPOLIS_RAW
A4: EPOLIS_RAW | B4: AA -rebuild- | C4: A | D4: OFF | E4: MIRROR | F4: OFF | H4: EPOLIS_RAW
A5: EPOLIS_RAW | B5: ABSOLUTE EVIL | C5: A | D5: OFF | E5: MIRROR | F5: OFF | H5: EPOLIS_RAW
A6: EPOLIS_RAW | B6: ACTØ | C6: A | D6: OFF | E6: MIRROR | F6: OFF | H6: EPOLIS_RAW
A7: EPOLIS_RAW | B7: Adularia | C7: A | D7: OFF | E7: MIRROR | F7: OFF | H7: EPOLIS_RAW
A8: EPOLIS_RAW | B8: Afterimage d'automne | C8: A | D8: OFF | E8: MIRROR | F8: OFF | H8: EPOLIS_RAW
A9: EPOLIS_RAW | B9: Aftermath | C9: A | D9: OFF | E9: MIRROR | F9: OFF | H9: EPOLIS_RAW
A10: EPOLIS_RAW | B10: AIR RAID FROM THA UNDAGROUND | C10: L | D10: OFF | E10: MIRROR | F10: OFF | H10: EPOLIS_RAW
A11: EPOLIS_RAW | B11: AKASHIC BREAK | C11: A | D11: OFF | E11: MIRROR | F11: OFF | H11: EPOLIS_RAW
A12: EPOLIS_RAW | B12: Almagest | C12: A | D12: OFF | E12: MIRROR | F12: OFF | H12: EPOLIS_RAW
A13: EPOLIS_RAW | B13: ALTERNATOR | C13: A | D13: OFF | E13: MIRROR | F13: OFF | H13: EPOLIS_RAW
... A485: EPOLIS_RAW | B485: 24h Endurance Race | C485: A | D485: OFF | E485: MIRROR | F485: OFF | H485: EPOLIS_RAW
A486: EPOLIS_RAW | B486: 255 | C486: A | D486: OFF | E486: MIRROR | F486: OFF | H486: EPOLIS_RAW
A487: EPOLIS_RAW | B487: 3y3s | C487: A | D487: OFF | E487: MIRROR | F487: OFF | H487: EPOLIS_RAW
A488: EPOLIS_RAW | B488: [ ]DENTITY | C488: A | D488: OFF | E488: MIRROR | F488: OFF | H488: EPOLIS_RAW
A489: EPOLIS_RAW | B489: 紫陽花 -AZISAI- | C489: A | D489: OFF | E489: MIRROR | F489: OFF | H489: EPOLIS_RAW
A490: EPOLIS_RAW | B490: アストライアの双皿 | C490: A | D490: FLIP | E490: MIRROR | F490: MIRROR | H490: EPOLIS_RAW
A491: EPOLIS_RAW | B491: 天邪鬼 | C491: A | D491: OFF | E491: MIRROR | F491: OFF | H491: EPOLIS_RAW
A492: EPOLIS_RAW | B492: イザナミノナゲキ | C492: A | D492: OFF | E492: MIRROR | F492: OFF | H492: EPOLIS_RAW
A493: EPOLIS_RAW | B493: 栄冠のカンパネラ | C493: A | D493: OFF | E493: MIRROR | F493: OFF | H493: EPOLIS_RAW
A494: EPOLIS_RAW | B494: ÆTHER | C494: L | D494: OFF | E494: MIRROR | F494: OFF | H494: EPOLIS_RAW
A495: EPOLIS_RAW | B495: 駅猫のワルツ | C495: A | D495: OFF | E495: MIRROR | F495: OFF | H495: EPOLIS_RAW
A496: EPOLIS_RAW | B496: ΕΛΠΙΣ | C496: A | D496: OFF | E496: MIRROR | F496: OFF | H496: EPOLIS_RAW
A497: EPOLIS_RAW | B497: ΕΛΠΙΣ | C497: L | D497: OFF | E497: MIRROR | F497: OFF | H497: EPOLIS_RAW
A498: EPOLIS_RAW | B498: 焔極OVERKILL | C498: A | D498: OFF | E498: MIRROR | F498: OFF | H498: EPOLIS_RAW
... A1179: XYZ012_RAW | B1179: Usual Days-remix | C1179: A | D1179: OFF | E1179: OFF | F1179: MIRROR | H1179: XYZ012_RAW
A1180: XYZ012_RAW | B1180: 255 | C1180: A | D1180: FLIP | E1180: MIRROR | F1180: MIRROR | H1180: XYZ012_RAW
A1181: XYZ012_RAW | B1181: シムルグの目醒め | C1181: A | D1181: FLIP | E1181: MIRROR | F1181: OFF | H1181: XYZ012_RAW
A1182: XYZ012_RAW | B1182: 神謳 -RESONANCE- | C1182: A | D1182: FLIP | E1182: MIRROR | F1182: MIRROR | H1182: XYZ012_RAW
A1183: XYZ012_RAW | B1183: パラドキシカル・タイムリープトライアル(Short Ver.) | C1183: A | D1183: OFF | E1183: MIRROR | F1183: OFF | H1183: XYZ012_RAW
A1184: XYZ012_RAW | B1184: Carmina | C1184: A | D1184: FLIP | E1184: MIRROR | F1184: MIRROR | H1184: XYZ012_RAW
A1185: XYZ012_RAW | B1185: Carry Me Away | C1185: A | D1185: OFF | E1185: MIRROR | F1185: OFF | H1185: XYZ012_RAW
A1186: XYZ012_RAW | B1186: CODE:Ø | C1186: A | D1186: OFF | E1186: MIRROR | F1186: OFF | H1186: XYZ012_RAW
A1187: XYZ012_RAW | B1187: COSMIC CYBER | C1187: A | D1187: OFF | E1187: MIRROR | F1187: OFF | H1187: XYZ012_RAW
A1188: XYZ012_RAW | B1188: dAuntl3ss | C1188: A | D1188: OFF | E1188: OFF | F1188: MIRROR | H1188: XYZ012_RAW
A1189: XYZ012_RAW | B1189: Dr. Chemical & Killing Machine | C1189: A | D1189: OFF | E1189: OFF | F1189: MIRROR | H1189: XYZ012_RAW
A1190: XYZ012_RAW | B1190: DRUNK MONKY | C1190: A | D1190: OFF | E1190: OFF | F1190: MIRROR | H1190: XYZ012_RAW
A1191: XYZ012_RAW | B1191: GENE | C1191: A | D1191: OFF | E1191: OFF | F1191: MIRROR | H1191: XYZ012_RAW
A1192: XYZ012_RAW | B1192: HARD BRAIN | C1192: A | D1192: OFF | E1192: MIRROR | F1192: OFF | H1192: XYZ012_RAW
... A1650: 1899_RAW | B1650: ワルツ第17番 ト短調"大犬のワルツ" | C1650: A | D1650: OFF | E1650: OFF | F1650: OFF | H1650: 1899_RAW
A1651: 2026. 05. 03. 19:29:22 | B1651: smile | C1651: A | D1651: OFF | E1651: OFF | F1651: OFF | G1651: 인접의 문제로 정배치가 가능하다면 정배치가 괜찮은것 같다. | H1651: LimiteKNJ
A1652: 2026. 05. 03. 19:32:29 | B1652: Rubrum Piano | C1652: A | D1652: FLIP | E1652: OFF | F1652: RANDOM | G1652: 왼손 계단의 판정내기 난해함 이슈때문 | H1652: LimiteKNJ
A1653: 2026. 05. 03. 19:36:03 | B1653: 音楽 | C1653: A | D1653: OFF | E1653: OFF | F1653: MIRROR | G1653: 98-99 106-107 구간의 안쪽으로 들어가는 계단이 치기 편한듯? | H1653: LimiteKNJ
A1654: 2026. 05. 03. 20:17:11 | B1654: AA | C1654: A | D1654: FLIP | E1654: MIRROR | F1654: OFF | H1654: kis03143
A1655: 2026. 05. 03. 20:17:57 | B1655: Almagest | C1655: A | D1655: FLIP | E1655: MIRROR | F1655: OFF | H1655: kis03143
A1656: 2026. 05. 03. 20:19:14 | B1656: Apocalypse | C1656: A | D1656: OFF | E1656: MIRROR | F1656: OFF | H1656: kis03143
A1657: 2026. 05. 03. 20:20:37 | B1657: Be OK | C1657: A | D1657: FLIP | E1657: MIRROR | F1657: OFF | H1657: kis03143
A1658: 2026. 05. 03. 20:23:20 | B1658: Bad Maniacs | C1658: A | D1658: FLIP | E1658: OFF | F1658: OFF | H1658: kis03143
A1659: 2026. 05. 03. 20:25:21 | B1659: Beat Radiance | C1659: L | D1659: OFF | E1659: OFF | F1659: MIRROR | H1659: kis03143
A1660: 2026. 05. 03. 20:26:22 | B1660: Bow shock!! | C1660: L | D1660: OFF | E1660: OFF | F1660: OFF | H1660: kis03143
A1661: 2026. 05. 03. 20:28:08 | B1661: Close the World feat.a☆ru | C1661: A | D1661: OFF | E1661: OFF | F1661: MIRROR | H1661: kis03143
A1662: 2026. 05. 03. 20:29:16 | B1662: Colorful Cookie | C1662: A | D1662: OFF | E1662: MIRROR | F1662: OFF | H1662: kis03143
A1663: 2026. 05. 03. 20:30:12 | B1663: Cult Invitation | C1663: A | D1663: OFF | E1663: OFF | F1663: MIRROR | H1663: kis03143
A1664: 2026. 05. 03. 20:31:37 | B1664: DXY! | C1664: A | D1664: FLIP | E1664: OFF | F1664: RANDOM | H1664: kis03143
A1665: 2026. 05. 03. 20:32:11 | B1665: Dynamite | C1665: A | D1665: OFF | E1665: OFF | F1665: MIRROR | H1665: kis03143
... A1745: 2026. 05. 26. 21:56:02 | B1745: Rave Patroller | C1745: A | D1745: OFF | E1745: MIRROR | F1745: OFF | H1745: doubleop
A1746: 2026. 05. 28. 14:28:49 | B1746: A | C1746: A | D1746: FLIP | E1746: MIRROR | F1746: MIRROR | G1746: 隣接皿と正規オプションの階段が左の方にたくさん出る | H1746: siyamaki
A1747: 2026. 05. 28. 17:42:54 | B1747: Anisakis -somatic mutation type "Forza"- | C1747: A | D1747: OFF | E1747: OFF | F1747: OFF | H1747: siyamaki
A1748: 2026. 05. 29. 11:14:07 | B1748: Arkadia | C1748: A | D1748: OFF | E1748: OFF | F1748: OFF | H1748: siyamaki
A1749: 2026. 05. 29. 11:15:28 | B1749: BLOCKS | C1749: A | D1749: FLIP | E1749: OFF | F1749: OFF | G1749: クリアオプション | H1749: siyamaki
A1750: 2026. 05. 29. 11:15:55 | B1750: BLOCKS | C1750: A | D1750: FLIP | E1750: S-RANDOM | F1750: S-RANDOM | G1750: スコアオプション | H1750: siyamaki
A1751: 2026. 05. 29. 11:22:39 | B1751: Flashes | C1751: A | D1751: OFF | E1751: OFF | F1751: MIRROR | H1751: siyamaki
A1752: 2026. 05. 29. 11:23:36 | B1752: Go Ahead!! | C1752: A | D1752: FLIP | E1752: MIRROR | F1752: OFF | H1752: siyamaki
A1753: 2026. 05. 29. 11:23:53 | B1753: GOBBLE | C1753: H | D1753: OFF | E1753: MIRROR | F1753: OFF | H1753: siyamaki
A1754: 2026. 05. 29. 11:24:15 | B1754: GRID KNIGHT | C1754: L | D1754: OFF | E1754: R-RANDOM | F1754: R-RANDOM | H1754: siyamaki
A1755: 2026. 05. 29. 11:24:33 | B1755: HAERETICUS | C1755: A | D1755: OFF | E1755: OFF | F1755: OFF | H1755: siyamaki
A1756: 2026. 05. 29. 12:03:20 | B1756: moon_child | C1756: A | D1756: OFF | E1756: R-RANDOM | F1756: RANDOM | H1756: siyamaki
A1757: 2026. 05. 31. 21:57:42 | B1757: Time To Empress | C1757: A | D1757: OFF | E1757: MIRROR | F1757: OFF | H1757: SINRAX
A1758: 2026. 05. 31. 22:25:34 | B1758: ZETA～素数の世界と超越者～ | C1758: A | D1758: OFF | E1758: MIRROR | F1758: OFF | H1758: SINRAX
A1759: 2026. 05. 31. 22:27:12 | B1759: TROOPERS | C1759: A | D1759: OFF | E1759: MIRROR | F1759: OFF | H1759: SINRAX
A1760: 2026. 05. 31. 22:27:40 | B1760: the trigger of innocence | C1760: L | D1760: FLIP | E1760: MIRROR | F1760: MIRROR | H1760: SINRAX
A1761: 2026. 05. 31. 22:28:32 | B1761: #CMFLG | C1761: A | D1761: OFF | E1761: MIRROR | F1761: OFF | H1761: SINRAX
A1762: 2026. 05. 31. 22:30:12 | B1762: THE BLACK KNIGHT | C1762: A | D1762: OFF | E1762: MIRROR | F1762: OFF | H1762: SINRAX
... A1790: 2026. 06. 02. 15:38:33 | B1790: ⁽⁽ଘ( ˙꒳˙ )ଓ⁾⁾ beyond reason | C1790: A | D1790: OFF | E1790: MIRROR | F1790: OFF | H1790: dcky88
A1791: 2026. 06. 07. 17:15:18 | B1791: 255 | C1791: A | D1791: OFF | E1791: OFF | F1791: MIRROR | H1791: HATO40_RAWS
A1792: 2026. 06. 07. 17:15:18 | B1792: 1116 | C1792: A | D1792: OFF | E1792: MIRROR | F1792: OFF | H1792: HATO40_RAWS
A1793: 2026. 06. 07. 17:15:18 | B1793: 1116 | C1793: A | D1793: OFF | E1793: MIRROR | F1793: OFF | H1793: HATO40_RAWS
A1794: 2026. 06. 07. 17:15:18 | B1794: -65℃ | C1794: A | D1794: OFF | E1794: MIRROR | F1794: OFF | H1794: HATO40_RAWS
A1795: 2026. 06. 07. 17:15:18 | B1795: !Viva! | C1795: A | D1795: OFF | E1795: S-RANDOM | F1795: S-RANDOM | H1795: HATO40_RAWS
A1796: 2026. 06. 07. 17:15:18 | B1796: !Viva! | C1796: L | D1796: FLIP | E1796: MIRROR | F1796: OFF | H1796: HATO40_RAWS
A1797: 2026. 06. 07. 17:15:18 | B1797: ⁽⁽ଘ( ˙꒳˙ )ଓ⁾⁾ beyond reason | C1797: A | D1797: OFF | E1797: RANDOM | F1797: MIRROR | H1797: HATO40_RAWS
A1798: 2026. 06. 07. 17:15:18 | B1798: (This Is Not) The Angels | C1798: A | D1798: OFF | E1798: S-RANDOM | F1798: S-RANDOM | H1798: HATO40_RAWS
A1799: 2026. 06. 07. 17:15:18 | B1799: 《GRANDMASTER》 | C1799: A | D1799: OFF | E1799: RANDOM | F1799: RANDOM | H1799: HATO40_RAWS
A1800: 2026. 06. 07. 17:15:18 | B1800: 《PL|RAYER》 | C1800: A | D1800: OFF | E1800: OFF | F1800: OFF | H1800: HATO40_RAWS
A1801: 2026. 06. 07. 17:15:18 | B1801: & intelligence | C1801: A | D1801: OFF | E1801: OFF | F1801: OFF | H1801: HATO40_RAWS
A1802: 2026. 06. 07. 17:15:18 | B1802: #CMFLG | C1802: A | D1802: OFF | E1802: MIRROR | F1802: OFF | H1802: HATO40_RAWS
A1803: 2026. 06. 07. 17:15:18 | B1803: #MAGiCVLGiRL_TRVP_B3VTZ | C1803: A | D1803: OFF | E1803: MIRROR | F1803: OFF | H1803: HATO40_RAWS
A1804: 2026. 06. 07. 17:15:18 | B1804: #The_Relentless | C1804: A | D1804: OFF | E1804: MIRROR | F1804: MIRROR | H1804: HATO40_RAWS
A1805: 2026. 06. 07. 17:15:18 | B1805: #The_Relentless | C1805: L | D1805: FLIP | E1805: R-RANDOM | F1805: R-RANDOM | H1805: HATO40_RAWS
... A1826: 2026. 06. 07. 17:15:18 | B1826: 24th Century BOY | C1826: A | D1826: OFF | E1826: RANDOM | F1826: OFF | H1826: HATO40_RAWS
A1827: 2026. 06. 07. 17:15:18 | B1827: 250bpm | C1827: A | D1827: OFF | E1827: S-RANDOM | F1827: S-RANDOM | G1827: 曲よりノーツが遅い？ | H1827: HATO40_RAWS
A1828: 2026. 06. 07. 17:15:18 | B1828: 27th style | C1828: A | D1828: OFF | E1828: RANDOM | F1828: RANDOM | H1828: HATO40_RAWS
A1829: 2026. 06. 07. 17:15:18 | B1829: 27th style | C1829: A | D1829: OFF | E1829: RANDOM | F1829: OFF | H1829: HATO40_RAWS
A1830: 2026. 06. 07. 17:15:18 | B1830: 2hot2eat | C1830: A | D1830: FLIP | E1830: RANDOM | F1830: RANDOM | H1830: HATO40_RAWS
A1831: 2026. 06. 07. 17:15:18 | B1831: 3V0 | C1831: A | D1831: FLIP | E1831: MIRROR | F1831: MIRROR | H1831: HATO40_RAWS
A1832: 2026. 06. 07. 17:15:18 | B1832: 3y3s | C1832: A | D1832: OFF | E1832: RANDOM | F1832: R-RANDOM | G1832: (FLIP)右が高密度長め、左がトリル長め 左のトリルはﾃﾚﾚﾚ ﾃﾚﾚの二回目のﾃ 一回目のﾃもラストでトリル | H1832: HATO40_RAWS
A1833: 2026. 06. 07. 17:15:18 | B1833: 3y3s(Long ver.) | C1833: A | D1833: OFF | E1833: RANDOM | F1833: RANDOM | H1833: HATO40_RAWS
A1834: 2026. 06. 07. 17:15:18 | B1834: 405nm(Ryu☆mix) | C1834: A | D1834: OFF | E1834: RANDOM | F1834: OFF | H1834: HATO40_RAWS
...

Sheet Sheet2
A1: DATA | B1: Version | C1: Title | D1: Difficulty | E1: Lv | F1: Lv.x | G1: comment
A2: ON | B2: [7th] | C2: A | D2: A | E2: 12 | F2: =_xlfn.XLOOKUP(C2&" ["&D2&"]",Sheet3!B:B,Sheet3!A:A,0) -> #NAME?
A3: ON | B3: [LC] | C3: A MINSTREL ～ ver.short-scape ～ | D3: L | E3: 12 | F3: =_xlfn.XLOOKUP(C3&" ["&D3&"]",Sheet3!B:B,Sheet3!A:A,0) -> #NAME?
A4: ON | B4: [RED] | C4: AA | D4: A | E4: 12 | F4: =_xlfn.XLOOKUP(C4&" ["&D4&"]",Sheet3!B:B,Sheet3!A:A,0) -> #NAME?
A5: ON | B5: [CAN] | C5: AA -rebuild- | D5: A | E5: 12 | F5: =_xlfn.XLOOKUP(C5&" ["&D5&"]",Sheet3!B:B,Sheet3!A:A,0) -> #NAME?
A6: ON | B6: [Cast] | C6: ABSOLUTE EVIL | D6: A | E6: 12 | F6: =_xlfn.XLOOKUP(C6&" ["&D6&"]",Sheet3!B:B,Sheet3!A:A,0) -> #NAME?
A7: ON | B7: [EPO] | C7: ACTØ | D7: A | E7: 12 | F7: =_xlfn.XLOOKUP(C7&" ["&D7&"]",Sheet3!B:B,Sheet3!A:A,0) -> #NAME?
A8: ON | B8: [SPA] | C8: Adularia | D8: A | E8: 12 | F8: =_xlfn.XLOOKUP(C8&" ["&D8&"]",Sheet3!B:B,Sheet3!A:A,0) -> #NAME?
A9: ON | B9: [Root] | C9: Afterimage d'automne | D9: A | E9: 12 | F9: =_xlfn.XLOOKUP(C9&" ["&D9&"]",Sheet3!B:B,Sheet3!A:A,0) -> #NAME?
A10: ON | B10: [Cast] | C10: Aftermath | D10: A | E10: 12 | F10: =_xlfn.XLOOKUP(C10&" ["&D10&"]",Sheet3!B:B,Sheet3!A:A,0) -> #NAME?
A11: ON | B11: [SIR] | C11: AIR RAID FROM THA UNDAGROUND | D11: L | E11: 12 | F11: =_xlfn.XLOOKUP(C11&" ["&D11&"]",Sheet3!B:B,Sheet3!A:A,0) -> #NAME?
A12: ON | B12: [HERO] | C12: AKASHIC BREAK | D12: A | E12: 12 | F12: =_xlfn.XLOOKUP(C12&" ["&D12&"]",Sheet3!B:B,Sheet3!A:A,0) -> #NAME?
A13: ON | B13: [SPA] | C13: ALBA -黎明- | D13: L | E13: 12 | F13: =_xlfn.XLOOKUP(C13&" ["&D13&"]",Sheet3!B:B,Sheet3!A:A,0) -> #NAME?
... A569: ON | B569: [PEN] | C569: ZZ | D569: A | E569: 12 | F569: =_xlfn.XLOOKUP(C569&" ["&D569&"]",Sheet3!B:B,Sheet3!A:A,0) -> #NAME?
A570: ON | B570: [Pink] | C570: 1116 | D570: A | E570: 12 | F570: =_xlfn.XLOOKUP(C570&" ["&D570&"]",Sheet3!B:B,Sheet3!A:A,0) -> #NAME?
A571: ON | B571: [cop] | C571: 199024club -Re:BounceKiller- | D571: A | E571: 12 | F571: =_xlfn.XLOOKUP(C571&" ["&D571&"]",Sheet3!B:B,Sheet3!A:A,0) -> #NAME?
A572: ON | B572: [10th] | C572: 1st Samurai | D572: A | E572: 12 | F572: =_xlfn.XLOOKUP(C572&" ["&D572&"]",Sheet3!B:B,Sheet3!A:A,0) -> #NAME?
A573: ON | B573: [SPS] | C573: 2 Be Continued | D573: A | E573: 12 | F573: =_xlfn.XLOOKUP(C573&" ["&D573&"]",Sheet3!B:B,Sheet3!A:A,0) -> #NAME?
A574: ON | B574: [Cast] | C574: 2 Beasts Unchained | D574: A | E574: 12 | F574: =_xlfn.XLOOKUP(C574&" ["&D574&"]",Sheet3!B:B,Sheet3!A:A,0) -> #NAME?
A575: ON | B575: [RESI] | C575: 24h Endurance Race | D575: A | E575: 12 | F575: =_xlfn.XLOOKUP(C575&" ["&D575&"]",Sheet3!B:B,Sheet3!A:A,0) -> #NAME?
A576: ON | B576: [CAN] | C576: 255 | D576: A | E576: 12 | F576: =_xlfn.XLOOKUP(C576&" ["&D576&"]",Sheet3!B:B,Sheet3!A:A,0) -> #NAME?
A577: ON | B577: [EMP] | C577: 3y3s | D577: A | E577: 12 | F577: =_xlfn.XLOOKUP(C577&" ["&D577&"]",Sheet3!B:B,Sheet3!A:A,0) -> #NAME?
A578: ON | B578: [RESI] | C578: [ ]DENTITY | D578: A | E578: 12 | F578: =_xlfn.XLOOKUP(C578&" ["&D578&"]",Sheet3!B:B,Sheet3!A:A,0) -> #NAME?
A579: ON | B579: [cop] | C579: 紫陽花 -AZISAI- | D579: A | E579: 12 | F579: =_xlfn.XLOOKUP(C579&" ["&D579&"]",Sheet3!B:B,Sheet3!A:A,0) -> #NAME?
A580: ON | B580: [cop] | C580: 紫陽花 -AZISAI- | D580: L | E580: 12 | F580: =_xlfn.XLOOKUP(C580&" ["&D580&"]",Sheet3!B:B,Sheet3!A:A,0) -> #NAME?
A581: ON | B581: [tri] | C581: アストライアの双皿 | D581: A | E581: 12 | F581: =_xlfn.XLOOKUP(C581&" ["&D581&"]",Sheet3!B:B,Sheet3!A:A,0) -> #NAME?
A582: ON | B582: [Cast] | C582: 天邪鬼 | D582: A | E582: 12 | F582: =_xlfn.XLOOKUP(C582&" ["&D582&"]",Sheet3!B:B,Sheet3!A:A,0) -> #NAME?
A583: ON | B583: [Pink] | C583: アラビアン ハイパー ナイト | D583: A | E583: 12 | F583: =_xlfn.XLOOKUP(C583&" ["&D583&"]",Sheet3!B:B,Sheet3!A:A,0) -> #NAME?
A584: ON | B584: [Pink] | C584: uәn | D584: A | E584: 12 | F584: =_xlfn.XLOOKUP(C584&" ["&D584&"]",Sheet3!B:B,Sheet3!A:A,0) -> #NAME?
A585: ON | B585: [SPS] | C585: ιgniЯRuina | D585: A | E585: 12 | F585: =_xlfn.XLOOKUP(C585&" ["&D585&"]",Sheet3!B:B,Sheet3!A:A,0) -> #NAME?
A586: ON | B586: [SINO] | C586: イザナミノナゲキ | D586: A | E586: 12 | F586: =_xlfn.XLOOKUP(C586&" ["&D586&"]",Sheet3!B:B,Sheet3!A:A,0) -> #NAME?
A587: ON | B587: [SPS] | C587: 色を喪った街 | D587: A | E587: 12 | F587: =_xlfn.XLOOKUP(C587&" ["&D587&"]",Sheet3!B:B,Sheet3!A:A,0) -> #NAME?
A588: ON | B588: [RESI] | C588: 栄冠のカンパネラ | D588: A | E588: 12 | F588: =_xlfn.XLOOKUP(C588&" ["&D588&"]",Sheet3!B:B,Sheet3!A:A,0) -> #NAME?
... A1447: ON | B1447: [RESI] | C1447: 惑星☆ロリポップ | D1447: A | E1447: 11 | F1447: =_xlfn.XLOOKUP(C1447&" ["&D1447&"]",Sheet3!B:B,Sheet3!A:A,0) -> #NAME?

Sheet Sheet3
A2: LV.x | B2: Title
A3: 11.6 | B3: op.31 叙情 [A]
A4: 11.6 | B4: Kailua [A]
A5: 11.6 | B5: The Onlyonez [A]
A6: 11.8 | B6: Colors (radio edit) [A]
A7: 11.8 | B7: Spica [A]
A8: 11.8 | B8: FAKE TIME [H]
A9: 11.8 | B9: RED ZONE [L]
A10: 11.8 | B10: MINT [A]
A11: 11.8 | B11: Candy Galy [A]
A12: 11.8 | B12: Fascination MAXX [A]
A13: 11.8 | B13: oratio [A]
A14: 11.8 | B14: Go Beyond!! [A]
... A30: 11.8 | B30: 灼熱 Lost Summer Dayz [A]
A31: 12.0 | B31: era(nostalmix) [H]
A32: 12.0 | B32: Summer Vacation(CU mix) [H]
A33: 12.0 | B33: route 80s [A]
A34: 12.0 | B34: stoic [A]
A35: 12.0 | B35: murmur twins [A]
A36: 12.0 | B36: GHOST REVIVAL [A]
A37: 12.0 | B37: SCREAM SQUAD [A]
A38: 12.0 | B38: Concertino in Blue [A]
A39: 12.0 | B39: Ganymede [A]
A40: 12.0 | B40: smile [A]
A41: 12.0 | B41: snow storm [A]
A42: 12.0 | B42: Anisakis -somatic mutation type "Forza"- [A]
... A89: 12.0 | B89: RALLY '25 [A]
A90: 12.1 | B90: era(nostalmix) [A]
A91: 12.1 | B91: era(step mix) [A]
A92: 12.1 | B92: starmine [A]
A93: 12.1 | B93: QQQ [H]
A94: 12.1 | B94: 革命 [H]
A95: 12.1 | B95: 桜 [A]
A96: 12.1 | B96: lower world [A]
A97: 12.1 | B97: 1st Samurai [A]
A98: 12.1 | B98: gigadelic [H]
A99: 12.1 | B99: BLOCKS [A]
A100: 12.1 | B100: POODLE [L]
A101: 12.1 | B101: 華蝶風雪 [A]
... A793: 10.7 | B793: IN BETWEEN [A]
A794: 11.0 | B794: sync [A]
A795: 11.0 | B795: LAB [A]
A796: 11.0 | B796: Distress [H]
A797: 11.0 | B797: Karma [H]
A798: 11.0 | B798: moon_child [H]
A799: 11.0 | B799: GRADIUS-FULL SPEED- [A]
A800: 11.0 | B800: SHOOTING STAR [A]
A801: 11.0 | B801: Ganymede [H]
A802: 11.0 | B802: Harmony and Lovely [A]
A803: 11.0 | B803: with you… [A]
A804: 11.0 | B804: VANESSA [H]
A805: 11.0 | B805: evergreen [A]
... A862: 11.0 | B862: Meteor☆Shower [A]
A863: 11.2 | B863: ABSOLUTE [A]
A864: 11.2 | B864: Radical Faith [H]
A865: 11.2 | B865: route 80s [H]
A866: 11.2 | B866: SOMETHING WONDERFUL [A]
A867: 11.2 | B867: quasar [H]
A868: 11.2 | B868: Golden Horn [A]
A869: 11.2 | B869: rottel-the-Mercury [A]
A870: 11.2 | B870: BABY LOVE [A]
A871: 11.2 | B871: Narcissus At Oasis [A]
A872: 11.2 | B872: rainbow rainbow [A]
A873: 11.2 | B873: Rise'n Beauty [A]
A874: 11.2 | B874: ANDROMEDA [A]
... A1422: 11.8 | B1422: Τέλος [A]
A1423: 12.0 | B1423: xenon [A]
A1424: 12.0 | B1424: Silvia Drive [A]
A1425: 12.0 | B1425: Marie Antoinette [A]
A1426: 12.0 | B1426: 不沈艦CANDY [A]
A1427: 12.0 | B1427: Marie Antoinette [L]
A1428: 12.0 | B1428: ALBIDA [A]
A1429: 12.0 | B1429: XANADU OF TWO [L]
A1430: 12.0 | B1430: Castle on the Moon [A]
A1431: 12.0 | B1431: I'm so Happy [A]
A1432: 12.0 | B1432: Illegal Function Call [A]
A1433: 12.0 | B1433: Light and Cyber… [A]
A1434: 12.0 | B1434: VALLIS-NERIA [A]
... A1443: 12.0 | B1443: ADAMANT [A]
A1444: 12.1 | B1444: AGEHA [L]
A1445: 12.1 | B1445: Scripted Connection⇒ N mix [L]
A1446: 12.1 | B1446: Bahram Attack-猫叉Master Remix- [L]
A1447: 12.1 | B1447: neogenesis [L]
A1448: 12.1 | B1448: TECHNO RUMBLE [A]
